mysql> SELECT * FROM student;
+------+-----------+-------+-------+------------+
| Rno  | Name      | Class | Marks | DOB        |
+------+-----------+-------+-------+------------+
|  107 | Rushi     | SY    |  99.9 | 2007-04-25 |
|  115 | Aditya    | SY    |    90 | 2006-06-01 |
|  100 | Aadesh    | SY    |    95 | 2004-09-30 |
|  118 | Bhagyoday | SY    |     0 | 2005-11-03 |
|  117 | Shayad    | SY    |    90 | 2006-01-14 |
+------+-----------+-------+-------+------------+
5 rows in set (0.00 sec)

mysql> SELECT * FROM student WHERE Marks >= 90;
+------+--------+-------+-------+------------+
| Rno  | Name   | Class | Marks | DOB        |
+------+--------+-------+-------+------------+
|  107 | Rushi  | SY    |  99.9 | 2007-04-25 |
|  115 | Aditya | SY    |    90 | 2006-06-01 |
|  100 | Aadesh | SY    |    95 | 2004-09-30 |
|  117 | Shayad | SY    |    90 | 2006-01-14 |
+------+--------+-------+-------+------------+
4 rows in set (0.01 sec)

mysql> SELECT * FROM student WHERE Marks >= 90;